Macro-secteur;Filière;Détail ;Année;Marchés d'investissements intérieurs (M€);Marché - Fabrication des équipements en France pour marché intérieur (M€);Marché - Importation des équipements (M€);Marché - Vente et distribution des équipements (M€);Marché - Construction, installation, raccordement (M€);Marché - Montage de projets, études, DPE (M€);Marché - Exploitation-maintenance, vente intérieure d'énergie (M€);Marché - Exportation (équipements et/ou biocarburants) (M€);Marché - Total (M€);Emplois liés aux investissements;Emploi - Fabrication des équipements pour marché intérieur (ETP);Emploi - Vente et distribution des équipements (ETP);Emploi - Construction, installation, raccordement (ETP);Emploi - Montage de projets, études, DPE (ETP);Emploi - Exploitation-maintenance, vente intérieure d'énergie (ETP);Emploi - Exportations (équipements et/ou biocarburants) (ETP);Emploi - Total (ETP)
Bâtiment;Solaire thermique;En rénovation;2006;246;71;27;13;135;0;24;0;270;2 660;330;140;2 190;0;210;0;2 870
Bâtiment;Solaire thermique;En rénovation;2007;247;73;26;12;136;0;31;0;278;2 660;350;140;2 170;0;260;0;2 920
Bâtiment;Solaire thermique;En rénovation;2008;291;86;30;15;160;0;38;0;329;2 870;330;170;2 370;0;320;0;3 190
Bâtiment;Solaire thermique;En rénovation;2009;216;59;26;12;119;0;41;0;257;2 040;260;140;1 640;0;340;0;2 380
Bâtiment;Solaire thermique;En rénovation;2010;197;50;27;11;109;0;45;0;242;1 840;230;110;1 500;0;380;0;2 220
Bâtiment;Solaire thermique;En rénovation;2011;172;52;17;8;95;0;47;0;219;1 610;250;80;1 280;0;390;0;2 000
Bâtiment;Solaire thermique;En rénovation;2012;127;42;10;5;70;0;45;0;172;1 150;190;30;930;0;380;0;1 530
Bâtiment;Solaire thermique;En rénovation;2013;83;27;7;3;46;0;44;0;127;780;130;30;620;0;370;0;1 150
Bâtiment;Solaire thermique;En rénovation;2014;66;22;6;2;36;0;46;0;112;620;110;20;490;0;380;0;1 000
Bâtiment;Solaire thermique;En rénovation;2015;59;16;6;2;35;0;48;0;107;530;90;20;420;0;390;0;920
Bâtiment;Solaire thermique;En rénovation;2016;66;17;7;2;40;0;53;0;119;540;90;20;430;0;430;0;970
Bâtiment;Solaire thermique;En rénovation;2017;92;24;9;4;55;0;54;0;146;780;120;30;630;0;440;0;1 220
Bâtiment;Solaire thermique;En rénovation;2018;129;31;14;5;79;0;55;0;184;1 070;140;50;880;0;450;0;1 520
Bâtiment;Solaire thermique;En rénovation;2019;123;32;11;5;75;0;56;0;179;990;140;50;800;0;460;0;1 450
Bâtiment;Solaire thermique;En rénovation;2020;165;42;16;7;100;0;61;0;226;1 360;170;60;1 130;0;500;0;1 860
Bâtiment;Solaire thermique;En rénovation;2021;172;44;16;7;105;0;67;0;239;1 380;180;60;1 140;0;550;0;1 930
Bâtiment;Solaire thermique;En rénovation;2022;213;53;23;8;129;0;72;0;285;1 680;200;70;1 410;0;590;0;2 270
Bâtiment;Appareils domestiques de chauffage au bois ;En rénovation;2006;899;382;63;233;221;0;768;0;1 667;9 030;2 220;4 010;2 800;0;5 390;0;14 420
Bâtiment;Appareils domestiques de chauffage au bois ;En rénovation;2007;735;317;54;168;196;0;869;0;1 604;7 200;1 890;2 910;2 400;0;5 380;0;12 580
Bâtiment;Appareils domestiques de chauffage au bois ;En rénovation;2008;907;396;63;208;240;0;1 005;0;1 912;8 680;2 320;3 530;2 830;0;6 060;0;14 740
Bâtiment;Appareils domestiques de chauffage au bois ;En rénovation;2009;820;338;79;176;227;0;968;0;1 788;7 570;2 030;2 960;2 580;0;5 780;0;13 350
Bâtiment;Appareils domestiques de chauffage au bois ;En rénovation;2010;812;322;99;164;227;0;1 270;0;2 082;7 120;2 030;2 800;2 290;0;7 110;0;14 230
Bâtiment;Appareils domestiques de chauffage au bois ;En rénovation;2011;741;290;86;151;214;0;1 069;0;1 810;6 490;1 860;2 550;2 080;0;5 880;0;12 370
Bâtiment;Appareils domestiques de chauffage au bois ;En rénovation;2012;826;309;117;157;243;0;1 325;0;2 151;6 740;1 950;2 620;2 170;0;6 920;0;13 660
Bâtiment;Appareils domestiques de chauffage au bois ;En rénovation;2013;1 031;351;176;202;302;0;1 998;0;3 029;8 640;2 270;3 410;2 960;0;9 240;0;17 880
Bâtiment;Appareils domestiques de chauffage au bois ;En rénovation;2014;838;275;153;151;259;0;1 818;0;2 656;7 050;1 770;2 690;2 590;0;8 290;0;15 340
Bâtiment;Appareils domestiques de chauffage au bois ;En rénovation;2015;811;271;134;159;247;0;1 789;0;2 600;6 660;2 070;2 270;2 320;0;8 470;0;15 130
Bâtiment;Appareils domestiques de chauffage au bois ;En rénovation;2016;755;235;139;145;236;0;2 033;0;2 788;5 840;1 680;2 060;2 100;0;9 600;0;15 440
Bâtiment;Appareils domestiques de chauffage au bois ;En rénovation;2017;801;221;168;161;251;0;2 185;0;2 986;6 070;1 490;2 170;2 410;0;10 130;0;16 200
Bâtiment;Appareils domestiques de chauffage au bois ;En rénovation;2018;878;259;190;165;264;0;2 110;0;2 988;6 340;1 620;2 160;2 560;0;9 740;0;16 080
Bâtiment;Appareils domestiques de chauffage au bois ;En rénovation;2019;913;282;199;173;259;0;2 199;0;3 112;6 590;2 000;2 190;2 400;0;10 190;0;16 780
Bâtiment;Appareils domestiques de chauffage au bois ;En rénovation;2020;780;206;193;139;242;0;2 192;0;2 972;5 650;1 440;1 830;2 380;0;9 700;0;15 350
Bâtiment;Appareils domestiques de chauffage au bois ;En rénovation;2021;1 147;291;298;226;332;0;2 515;0;3 662;7 600;1 990;2 620;2 990;0;10 850;0;18 450
Bâtiment;Appareils domestiques de chauffage au bois ;En rénovation;2022;1 515;355;436;274;450;0;2 844;0;4 359;9 070;1 840;3 180;4 050;0;10 580;0;19 650
Bâtiment;PAC aéro domestiques et CET;Pompes à chaleur (PAC) aérothermiques domestiques et Chauffe-eau thermodynamiques (CET), en rénovation.;2006;688;94;27;232;335;0;22;0;710;4 500;640;1 800;2 060;0;220;0;4 720
Bâtiment;PAC aéro domestiques et CET;Pompes à chaleur (PAC) aérothermiques domestiques et Chauffe-eau thermodynamiques (CET), en rénovation.;2007;966;78;89;333;466;0;34;0;1 000;5 700;420;2 480;2 800;0;340;0;6 040
Bâtiment;PAC aéro domestiques et CET;Pompes à chaleur (PAC) aérothermiques domestiques et Chauffe-eau thermodynamiques (CET), en rénovation.;2008;2 161;223;60;665;1 213;0;57;0;2 218;10 570;970;4 060;5 540;0;510;0;11 080
Bâtiment;PAC aéro domestiques et CET;Pompes à chaleur (PAC) aérothermiques domestiques et Chauffe-eau thermodynamiques (CET), en rénovation.;2009;1 809;347;44;663;755;0;78;0;1 887;12 140;1 850;5 730;4 560;0;620;0;12 760
Bâtiment;PAC aéro domestiques et CET;Pompes à chaleur (PAC) aérothermiques domestiques et Chauffe-eau thermodynamiques (CET), en rénovation.;2010;1 543;190;187;569;597;0;92;0;1 635;10 530;1 260;5 080;4 190;0;730;0;11 260
Bâtiment;PAC aéro domestiques et CET;Pompes à chaleur (PAC) aérothermiques domestiques et Chauffe-eau thermodynamiques (CET), en rénovation.;2011;1 191;161;171;457;402;0;106;0;1 297;8 950;1 070;4 450;3 430;0;900;0;9 850
Bâtiment;PAC aéro domestiques et CET;Pompes à chaleur (PAC) aérothermiques domestiques et Chauffe-eau thermodynamiques (CET), en rénovation.;2012;1 041;153;148;379;361;0;118;0;1 159;7 910;1 100;3 800;3 010;0;960;0;8 870
Bâtiment;PAC aéro domestiques et CET;Pompes à chaleur (PAC) aérothermiques domestiques et Chauffe-eau thermodynamiques (CET), en rénovation.;2013;887;150;136;322;279;0;128;0;1 015;6 540;1 090;3 160;2 290;0;1 060;0;7 600
Bâtiment;PAC aéro domestiques et CET;Pompes à chaleur (PAC) aérothermiques domestiques et Chauffe-eau thermodynamiques (CET), en rénovation.;2014;1 027;137;177;347;366;0;141;0;1 168;7 380;960;3 470;2 950;0;1 140;0;8 520
Bâtiment;PAC aéro domestiques et CET;Pompes à chaleur (PAC) aérothermiques domestiques et Chauffe-eau thermodynamiques (CET), en rénovation.;2015;960;166;151;321;322;0;155;0;1 115;6 980;1 280;3 020;2 680;0;1 290;0;8 270
Bâtiment;PAC aéro domestiques et CET;Pompes à chaleur (PAC) aérothermiques domestiques et Chauffe-eau thermodynamiques (CET), en rénovation.;2016;1 056;186;174;346;350;0;171;0;1 227;7 290;1 280;3 090;2 920;0;1 430;0;8 720
Bâtiment;PAC aéro domestiques et CET;Pompes à chaleur (PAC) aérothermiques domestiques et Chauffe-eau thermodynamiques (CET), en rénovation.;2017;1 330;240;198;449;443;0;190;0;1 520;9 630;1 620;4 320;3 690;0;1 580;0;11 210
Bâtiment;PAC aéro domestiques et CET;Pompes à chaleur (PAC) aérothermiques domestiques et Chauffe-eau thermodynamiques (CET), en rénovation.;2018;1 652;243;249;561;599;0;214;0;1 866;11 910;1 480;5 440;4 990;0;1 790;0;13 700
Bâtiment;PAC aéro domestiques et CET;Pompes à chaleur (PAC) aérothermiques domestiques et Chauffe-eau thermodynamiques (CET), en rénovation.;2019;3 098;427;511;1 053;1 107;0;257;0;3 355;21 830;2 830;9 780;9 220;0;2 140;0;23 970
Bâtiment;PAC aéro domestiques et CET;Pompes à chaleur (PAC) aérothermiques domestiques et Chauffe-eau thermodynamiques (CET), en rénovation.;2020;3 423;386;593;1 156;1 288;0;302;0;3 725;24 670;2 590;11 350;10 730;0;2 520;0;27 190
Bâtiment;PAC aéro domestiques et CET;Pompes à chaleur (PAC) aérothermiques domestiques et Chauffe-eau thermodynamiques (CET), en rénovation.;2021;4 998;510;824;1 705;1 959;0;364;0;5 362;34 490;2 830;15 340;16 320;0;3 030;0;37 520
Bâtiment;PAC aéro domestiques et CET;Pompes à chaleur (PAC) aérothermiques domestiques et Chauffe-eau thermodynamiques (CET), en rénovation.;2022;6 733;1 461;393;2 436;2 443;0;437;0;7 170;49 370;7 100;21 920;20 350;0;3 640;0;53 010
Bâtiment;Géothermie de surface assistée par PAC;En rénovation, dans le résidentiel;2006;37;5;1;8;23;0;1;0;38;240;30;70;140;0;10;0;250
Bâtiment;Géothermie de surface assistée par PAC;En rénovation, dans le résidentiel;2007;104;9;10;22;63;0;1;0;105;660;50;220;390;0;10;0;670
Bâtiment;Géothermie de surface assistée par PAC;En rénovation, dans le résidentiel;2008;171;27;7;36;101;0;2;0;173;1 150;120;410;620;0;20;0;1 170
Bâtiment;Géothermie de surface assistée par PAC;En rénovation, dans le résidentiel;2009;159;36;5;32;86;0;4;0;163;1 230;190;490;550;0;30;0;1 260
Bâtiment;Géothermie de surface assistée par PAC;En rénovation, dans le résidentiel;2010;89;14;13;17;45;0;4;0;93;690;90;300;300;0;30;0;720
Bâtiment;Géothermie de surface assistée par PAC;En rénovation, dans le résidentiel;2011;82;11;11;17;43;0;5;0;87;590;70;240;280;0;40;0;630
Bâtiment;Géothermie de surface assistée par PAC;En rénovation, dans le résidentiel;2012;42;6;5;9;22;0;5;0;47;300;40;120;140;0;40;0;340
Bâtiment;Géothermie de surface assistée par PAC;En rénovation, dans le résidentiel;2013;45;6;5;10;24;0;6;0;51;260;40;100;120;0;50;0;310
Bâtiment;Géothermie de surface assistée par PAC;En rénovation, dans le résidentiel;2014;23;2;3;5;13;0;6;0;29;140;20;50;70;0;50;0;190
Bâtiment;Géothermie de surface assistée par PAC;En rénovation, dans le résidentiel;2015;23;4;4;4;11;0;6;0;29;120;30;40;50;0;50;0;170
Bâtiment;Géothermie de surface assistée par PAC;En rénovation, dans le résidentiel;2016;24;4;3;5;12;0;6;0;30;130;30;40;60;0;50;0;180
Bâtiment;Géothermie de surface assistée par PAC;En rénovation, dans le résidentiel;2017;16;3;2;3;8;0;6;0;22;90;20;30;40;0;50;0;140
Bâtiment;Géothermie de surface assistée par PAC;En rénovation, dans le résidentiel;2018;27;6;6;4;11;0;6;0;33;110;30;30;50;0;50;0;160
Bâtiment;Géothermie de surface assistée par PAC;En rénovation, dans le résidentiel;2019;31;5;6;5;15;0;6;0;37;150;30;50;70;0;50;0;200
Bâtiment;Géothermie de surface assistée par PAC;En rénovation, dans le résidentiel;2020;30;4;7;5;14;0;7;0;37;150;30;50;70;0;50;0;200
Bâtiment;Géothermie de surface assistée par PAC;En rénovation, dans le résidentiel;2021;35;5;8;6;16;0;7;0;42;150;30;50;70;0;60;0;210
Bâtiment;Géothermie de surface assistée par PAC;En rénovation, dans le résidentiel;2022;42;11;3;8;20;0;7;0;49;210;50;70;90;0;60;0;270
Bâtiment;Isolation des parois opaques;Maisons individuelles;2006;3 422;390;206;388;2 438;0;0;125;3 547;30 300;1 440;4 370;24 490;0;0;460;30 760
Bâtiment;Isolation des parois opaques;Maisons individuelles;2007;3 968;437;238;420;2 873;0;0;155;4 123;33 930;1 610;4 610;27 710;0;0;570;34 500
Bâtiment;Isolation des parois opaques;Maisons individuelles;2008;4 121;446;260;433;2 982;0;0;148;4 269;34 310;1 640;4 600;28 070;0;0;550;34 860
Bâtiment;Isolation des parois opaques;Maisons individuelles;2009;4 603;517;239;425;3 422;0;0;125;4 728;40 570;1 910;4 630;34 030;0;0;460;41 030
Bâtiment;Isolation des parois opaques;Maisons individuelles;2010;5 139;532;251;452;3 904;0;0;149;5 288;43 460;1 810;4 300;37 350;0;0;510;43 970
Bâtiment;Isolation des parois opaques;Maisons individuelles;2011;5 271;551;253;447;4 020;0;0;133;5 404;45 060;1 770;3 930;39 360;0;0;430;45 490
Bâtiment;Isolation des parois opaques;Maisons individuelles;2012;5 335;564;241;444;4 086;0;0;135;5 470;49 070;1 820;4 340;42 910;0;0;430;49 500
Bâtiment;Isolation des parois opaques;Maisons individuelles;2013;5 400;580;222;446;4 152;0;0;128;5 528;46 980;1 840;4 520;40 620;0;0;410;47 390
Bâtiment;Isolation des parois opaques;Maisons individuelles;2014;5 865;634;245;497;4 489;0;0;137;6 002;49 690;1 990;5 050;42 650;0;0;430;50 120
Bâtiment;Isolation des parois opaques;Maisons individuelles;2015;7 415;850;326;756;5 483;0;0;164;7 579;61 540;2 640;7 520;51 380;0;0;510;62 050
Bâtiment;Isolation des parois opaques;Maisons individuelles;2016;7 304;819;333;752;5 400;0;0;181;7 485;61 330;2 570;7 490;51 270;0;0;570;61 900
Bâtiment;Isolation des parois opaques;Maisons individuelles;2017;7 736;845;366;805;5 720;0;0;186;7 922;63 300;2 260;8 150;52 890;0;0;500;63 800
Bâtiment;Isolation des parois opaques;Maisons individuelles;2018;8 711;966;413;891;6 441;0;0;197;8 908;68 990;2 780;7 850;58 360;0;0;570;69 560
Bâtiment;Isolation des parois opaques;Maisons individuelles;2019;9 651;1 047;526;942;7 136;0;0;230;9 881;75 910;2 920;9 790;63 200;0;0;640;76 550
Bâtiment;Isolation des parois opaques;Maisons individuelles;2020;8 813;923;454;919;6 517;0;0;187;9 000;72 230;2 700;9 920;59 610;0;0;550;72 780
Bâtiment;Isolation des parois opaques;Maisons individuelles;2021;10 242;1 075;543;1 051;7 573;0;0;290;10 532;80 940;2 860;10 620;67 460;0;0;770;81 710
Bâtiment;Isolation des parois opaques;Maisons individuelles;2022;9 681;929;601;993;7 158;0;0;433;10 114;75 990;2 180;10 040;63 770;0;0;1 010;77 000
Bâtiment;Remplacement des ouvertures;Maisons individuelles;2006;6 683;1 248;97;773;4 565;0;0;19;6 702;51 840;7 220;8 230;36 390;0;0;110;51 950
Bâtiment;Remplacement des ouvertures;Maisons individuelles;2007;8 780;1 830;155;960;5 835;0;0;27;8 807;64 440;10 020;9 890;44 530;0;0;150;64 590
Bâtiment;Remplacement des ouvertures;Maisons individuelles;2008;10 241;1 819;163;838;7 421;0;0;21;10 262;73 610;10 030;8 440;55 140;0;0;110;73 720
Bâtiment;Remplacement des ouvertures;Maisons individuelles;2009;10 008;1 849;167;850;7 142;0;0;18;10 026;76 400;11 460;9 040;55 900;0;0;110;76 510
Bâtiment;Remplacement des ouvertures;Maisons individuelles;2010;9 919;1 756;168;888;7 107;0;0;14;9 933;70 320;9 980;8 030;52 310;0;0;80;70 400
Bâtiment;Remplacement des ouvertures;Maisons individuelles;2011;10 058;1 785;148;890;7 235;0;0;15;10 073;70 850;9 610;7 570;53 670;0;0;80;70 930
Bâtiment;Remplacement des ouvertures;Maisons individuelles;2012;10 284;1 819;166;906;7 393;0;0;17;10 301;67 830;10 070;8 700;49 060;0;0;90;67 920
Bâtiment;Remplacement des ouvertures;Maisons individuelles;2013;10 478;1 888;168;915;7 507;0;0;17;10 495;71 420;10 410;9 220;51 790;0;0;90;71 510
Bâtiment;Remplacement des ouvertures;Maisons individuelles;2014;11 361;2 192;192;1 002;7 975;0;0;22;11 383;75 620;11 780;10 120;53 720;0;0;120;75 740
Bâtiment;Remplacement des ouvertures;Maisons individuelles;2015;11 070;2 115;194;987;7 774;0;0;28;11 098;73 630;11 140;9 700;52 790;0;0;150;73 780
Bâtiment;Remplacement des ouvertures;Maisons individuelles;2016;11 020;2 080;186;990;7 764;0;0;28;11 048;72 030;10 570;9 760;51 700;0;0;140;72 170
Bâtiment;Remplacement des ouvertures;Maisons individuelles;2017;10 731;2 119;187;1 009;7 416;0;0;23;10 754;67 480;10 150;8 930;48 400;0;0;110;67 590
Bâtiment;Remplacement des ouvertures;Maisons individuelles;2018;9 320;1 949;183;886;6 302;0;0;21;9 341;56 360;8 830;7 930;39 600;0;0;100;56 460
Bâtiment;Remplacement des ouvertures;Maisons individuelles;2019;5 873;1 337;126;547;3 863;0;0;14;5 887;34 610;6 250;4 660;23 700;0;0;70;34 680
Bâtiment;Remplacement des ouvertures;Maisons individuelles;2020;4 904;1 080;110;505;3 209;0;0;10;4 914;29 810;5 290;4 470;20 050;0;0;50;29 860
Bâtiment;Remplacement des ouvertures;Maisons individuelles;2021;5 093;1 124;122;500;3 347;0;0;11;5 104;29 840;5 010;4 140;20 690;0;0;50;29 890
Bâtiment;Remplacement des ouvertures;Maisons individuelles;2022;5 710;1 255;130;557;3 768;0;0;15;5 725;32 990;5 080;4 610;23 300;0;0;50;33 040
Bâtiment;Ventilation mécanique contrôlée;En rénovation;2006;164;14;22;14;114;0;0;5;169;1 720;80;170;1 470;0;0;30;1 750
Bâtiment;Ventilation mécanique contrôlée;En rénovation;2007;191;18;21;18;134;0;0;5;196;2 050;100;230;1 720;0;0;30;2 080
Bâtiment;Ventilation mécanique contrôlée;En rénovation;2008;204;23;22;19;140;0;0;6;210;2 070;110;230;1 730;0;0;30;2 100
Bâtiment;Ventilation mécanique contrôlée;En rénovation;2009;201;28;21;18;134;0;0;5;206;1 960;150;200;1 610;0;0;30;1 990
Bâtiment;Ventilation mécanique contrôlée;En rénovation;2010;212;24;22;20;146;0;0;5;217;2 100;140;190;1 770;0;0;30;2 130
Bâtiment;Ventilation mécanique contrôlée;En rénovation;2011;247;30;27;25;165;0;0;6;253;2 310;170;230;1 910;0;0;30;2 340
Bâtiment;Ventilation mécanique contrôlée;En rénovation;2012;258;25;29;28;176;0;0;5;263;2 340;130;210;2 000;0;0;30;2 370
Bâtiment;Ventilation mécanique contrôlée;En rénovation;2013;265;34;34;27;170;0;0;7;272;2 410;180;250;1 980;0;0;40;2 450
Bâtiment;Ventilation mécanique contrôlée;En rénovation;2014;272;33;34;27;178;0;0;6;278;2 390;180;270;1 940;0;0;30;2 420
Bâtiment;Ventilation mécanique contrôlée;En rénovation;2015;287;37;31;28;191;0;0;5;292;2 440;200;260;1 980;0;0;30;2 470
Bâtiment;Ventilation mécanique contrôlée;En rénovation;2016;298;27;27;29;215;0;0;7;305;2 640;150;260;2 230;0;0;40;2 680
Bâtiment;Ventilation mécanique contrôlée;En rénovation;2017;288;11;38;27;212;0;0;16;304;2 530;60;260;2 210;0;0;80;2 610
Bâtiment;Ventilation mécanique contrôlée;En rénovation;2018;284;6;47;27;204;0;0;25;309;2 410;30;260;2 120;0;0;120;2 530
Bâtiment;Ventilation mécanique contrôlée;En rénovation;2019;278;5;52;27;194;0;0;22;300;2 300;30;250;2 020;0;0;120;2 420
Bâtiment;Ventilation mécanique contrôlée;En rénovation;2020;267;5;42;26;194;0;0;23;290;2 300;30;250;2 020;0;0;120;2 420
Bâtiment;Ventilation mécanique contrôlée;En rénovation;2021;305;6;52;30;217;0;0;26;331;2 560;40;260;2 260;0;0;170;2 730
Bâtiment;Ventilation mécanique contrôlée;En rénovation;2022;314;6;54;30;224;0;0;26;340;2 630;30;270;2 330;0;0;150;2 780
Bâtiment;Appareils de régulation du chauffage ;En rénovation;2006;97;20;24;18;35;0;0;10;107;780;110;210;460;0;0;60;840
Bâtiment;Appareils de régulation du chauffage ;En rénovation;2007;114;22;27;23;42;0;0;11;125;950;120;290;540;0;0;60;1 010
Bâtiment;Appareils de régulation du chauffage ;En rénovation;2008;128;25;30;23;50;0;0;12;140;1 000;110;270;620;0;0;60;1 060
Bâtiment;Appareils de régulation du chauffage ;En rénovation;2009;119;23;28;19;49;0;0;12;131;930;130;210;590;0;0;60;990
Bâtiment;Appareils de régulation du chauffage ;En rénovation;2010;115;21;26;20;48;0;0;11;126;910;120;200;590;0;0;60;970
Bâtiment;Appareils de régulation du chauffage ;En rénovation;2011;112;20;24;19;49;0;0;10;122;850;110;180;560;0;0;60;910
Bâtiment;Appareils de régulation du chauffage ;En rénovation;2012;118;20;24;23;51;0;0;10;128;860;110;170;580;0;0;50;910
Bâtiment;Appareils de régulation du chauffage ;En rénovation;2013;111;19;23;17;52;0;0;10;121;870;110;160;600;0;0;50;920
Bâtiment;Appareils de régulation du chauffage ;En rénovation;2014;109;19;22;17;51;0;0;9;118;830;100;170;560;0;0;50;880
Bâtiment;Appareils de régulation du chauffage ;En rénovation;2015;104;18;21;16;49;0;0;9;113;760;100;150;510;0;0;50;810
Bâtiment;Appareils de régulation du chauffage ;En rénovation;2016;110;17;22;21;50;0;0;12;122;800;90;190;520;0;0;70;870
Bâtiment;Appareils de régulation du chauffage ;En rénovation;2017;114;14;26;22;52;0;0;10;124;830;80;210;540;0;0;50;880
Bâtiment;Appareils de régulation du chauffage ;En rénovation;2018;117;14;27;22;54;0;0;10;127;840;70;210;560;0;0;50;890
Bâtiment;Appareils de régulation du chauffage ;En rénovation;2019;102;17;20;17;48;0;0;11;113;740;90;160;490;0;0;60;800
Bâtiment;Appareils de régulation du chauffage ;En rénovation;2020;85;13;17;16;39;0;0;9;94;640;70;160;410;0;0;50;690
Bâtiment;Appareils de régulation du chauffage ;En rénovation;2021;103;15;21;19;48;0;0;10;113;770;100;170;500;0;0;70;840
Bâtiment;Appareils de régulation du chauffage ;En rénovation;2022;105;15;23;19;48;0;0;10;115;750;80;170;500;0;0;60;810
Bâtiment;Diagnostics de performance énergétique;;2006;0;0;0;0;0;0;0;0;0;0;0;0;0;0;0;0;0
Bâtiment;Diagnostics de performance énergétique;Dans le résidentiel;2007;27;0;0;0;0;27;0;0;27;300;0;0;0;300;0;0;300
Bâtiment;Diagnostics de performance énergétique;Dans le résidentiel;2008;69;0;0;0;0;69;0;0;69;760;0;0;0;760;0;0;760
Bâtiment;Diagnostics de performance énergétique;Dans le résidentiel;2009;121;0;0;0;0;121;0;0;121;1 330;0;0;0;1 330;0;0;1 330
Bâtiment;Diagnostics de performance énergétique;Dans le résidentiel;2010;154;0;0;0;0;154;0;0;154;1 850;0;0;0;1 850;0;0;1 850
Bâtiment;Diagnostics de performance énergétique;Dans le résidentiel;2011;161;0;0;0;0;161;0;0;161;1 610;0;0;0;1 610;0;0;1 610
Bâtiment;Diagnostics de performance énergétique;Dans le résidentiel;2012;144;0;0;0;0;144;0;0;144;1 410;0;0;0;1 410;0;0;1 410
Bâtiment;Diagnostics de performance énergétique;Dans le résidentiel;2013;141;0;0;0;0;141;0;0;141;1 360;0;0;0;1 360;0;0;1 360
Bâtiment;Diagnostics de performance énergétique;Dans le résidentiel;2014;135;0;0;0;0;135;0;0;135;1 330;0;0;0;1 330;0;0;1 330
Bâtiment;Diagnostics de performance énergétique;Dans le résidentiel;2015;164;0;0;0;0;164;0;0;164;1 600;0;0;0;1 600;0;0;1 600
Bâtiment;Diagnostics de performance énergétique;Dans le résidentiel;2016;179;0;0;0;0;179;0;0;179;1 810;0;0;0;1 810;0;0;1 810
Bâtiment;Diagnostics de performance énergétique;Dans le résidentiel;2017;204;0;0;0;0;204;0;0;204;2 000;0;0;0;2 000;0;0;2 000
Bâtiment;Diagnostics de performance énergétique;Dans le résidentiel;2018;257;0;0;0;0;257;0;0;257;2 160;0;0;0;2 160;0;0;2 160
Bâtiment;Diagnostics de performance énergétique;Dans le résidentiel;2019;321;0;0;0;0;321;0;0;321;2 960;0;0;0;2 960;0;0;2 960
Bâtiment;Diagnostics de performance énergétique;Dans le résidentiel;2020;266;0;0;0;0;266;0;0;266;2 660;0;0;0;2 660;0;0;2 660
Bâtiment;Diagnostics de performance énergétique;Dans le résidentiel;2021;309;0;0;0;0;309;0;0;309;2 790;0;0;0;2 790;0;0;2 790
Bâtiment;Diagnostics de performance énergétique;Dans le résidentiel;2022;444;0;0;0;0;444;0;0;444;4 020;0;0;0;4 020;0;0;4 020
Transport;Infrastructures ferroviaires;;2006;2 089;0;0;0;1 880;209;0;0;2 089;12 360;0;0;10 840;1 520;0;0;12 360
Transport;Infrastructures ferroviaires;;2007;2 279;0;0;0;2 051;228;0;0;2 279;12 960;0;0;11 340;1 620;0;0;12 960
Transport;Infrastructures ferroviaires;;2008;2 660;0;0;0;2 394;266;0;0;2 660;14 710;0;0;12 910;1 800;0;0;14 710
Transport;Infrastructures ferroviaires;;2009;2 994;0;0;0;2 695;299;0;0;2 994;17 610;0;0;15 480;2 130;0;0;17 610
Transport;Infrastructures ferroviaires;;2010;2 807;0;0;0;2 526;281;0;0;2 807;16 900;0;0;14 910;1 990;0;0;16 900
Transport;Infrastructures ferroviaires;;2011;4 001;0;0;0;3 601;400;0;0;4 001;21 900;0;0;19 120;2 780;0;0;21 900
Transport;Infrastructures ferroviaires;;2012;4 767;0;0;0;4 290;477;0;0;4 767;28 130;0;0;24 740;3 390;0;0;28 130
Transport;Infrastructures ferroviaires;;2013;6 956;0;0;0;6 260;696;0;0;6 956;42 020;0;0;37 070;4 950;0;0;42 020
Transport;Infrastructures ferroviaires;;2014;5 796;0;0;0;5 216;580;0;0;5 796;37 150;0;0;33 080;4 070;0;0;37 150
Transport;Infrastructures ferroviaires;;2015;5 300;0;0;0;4 770;530;0;0;5 300;34 040;0;0;30 300;3 740;0;0;34 040
Transport;Infrastructures ferroviaires;;2016;4 043;0;0;0;3 639;404;0;0;4 043;25 360;0;0;22 530;2 830;0;0;25 360
Transport;Infrastructures ferroviaires;;2017;3 702;0;0;0;3 332;370;0;0;3 702;22 170;0;0;19 580;2 590;0;0;22 170
Transport;Infrastructures ferroviaires;;2018;3 899;0;0;0;3 509;390;0;0;3 899;22 860;0;0;20 120;2 740;0;0;22 860
Transport;Infrastructures ferroviaires;;2019;4 383;0;0;0;3 945;438;0;0;4 383;25 210;0;0;22 210;3 000;0;0;25 210
Transport;Infrastructures ferroviaires;;2020;4 138;0;0;0;3 724;414;0;0;4 138;23 690;0;0;20 830;2 860;0;0;23 690
Transport;Infrastructures ferroviaires;;2021;4 568;0;0;0;4 111;457;0;0;4 568;26 020;0;0;22 840;3 180;0;0;26 020
Transport;Infrastructures ferroviaires;;2022;4 489;0;0;0;4 040;449;0;0;4 489;25 580;0;0;22 450;3 130;0;0;25 580
Transport;Equipements ferroviaires;;2006;3 230;2 776;454;0;0;0;0;882;4 112;9 600;9 600;0;0;0;0;3 050;12 650
Transport;Equipements ferroviaires;;2007;3 497;2 963;534;0;0;0;0;1 084;4 581;8 910;8 910;0;0;0;0;3 260;12 170
Transport;Equipements ferroviaires;;2008;4 397;3 836;561;0;0;0;0;867;5 264;10 160;10 160;0;0;0;0;2 300;12 460
Transport;Equipements ferroviaires;;2009;4 668;4 075;593;0;0;0;0;881;5 549;12 910;12 910;0;0;0;0;2 790;15 700
Transport;Equipements ferroviaires;;2010;4 701;4 185;516;0;0;0;0;972;5 673;12 780;12 780;0;0;0;0;2 970;15 750
Transport;Equipements ferroviaires;;2011;4 668;4 040;628;0;0;0;0;554;5 222;12 500;12 500;0;0;0;0;1 710;14 210
Transport;Equipements ferroviaires;;2012;4 615;3 864;751;0;0;0;0;1 007;5 622;12 580;12 580;0;0;0;0;3 280;15 860
Transport;Equipements ferroviaires;;2013;4 017;3 288;729;0;0;0;0;1 045;5 062;10 410;10 410;0;0;0;0;3 310;13 720
Transport;Equipements ferroviaires;;2014;4 280;3 527;753;0;0;0;0;694;4 974;11 500;11 500;0;0;0;0;2 260;13 760
Transport;Equipements ferroviaires;;2015;4 086;3 410;676;0;0;0;0;830;4 916;10 600;10 600;0;0;0;0;2 580;13 180
Transport;Equipements ferroviaires;;2016;3 989;3 259;730;0;0;0;0;977;4 966;9 840;9 840;0;0;0;0;2 950;12 790
Transport;Equipements ferroviaires;;2017;4 357;3 561;796;0;0;0;0;681;5 038;10 460;10 460;0;0;0;0;2 000;12 460
Transport;Equipements ferroviaires;;2018;3 685;2 810;875;0;0;0;0;1 030;4 715;8 250;8 250;0;0;0;0;3 020;11 270
Transport;Equipements ferroviaires;;2019;3 926;3 008;918;0;0;0;0;954;4 880;8 830;8 830;0;0;0;0;2 800;11 630
Transport;Equipements ferroviaires;;2020;3 583;2 738;845;0;0;0;0;800;4 383;8 040;8 040;0;0;0;0;2 350;10 390
Transport;Equipements ferroviaires;;2021;4 137;3 116;1 021;0;0;0;0;918;5 055;9 150;9 150;0;0;0;0;2 700;11 850
Transport;Equipements ferroviaires;;2022;4 583;3 469;1 114;0;0;0;0;911;5 494;10 190;10 190;0;0;0;0;2 670;12 860
Transport;Infrastructures des TCU;Transports collectifs urbains (TCU);2006;2 214;0;0;0;1 993;221;0;0;2 214;12 990;0;0;11 370;1 620;0;0;12 990
Transport;Infrastructures des TCU;Transports collectifs urbains (TCU);2007;2 337;0;0;0;2 103;234;0;0;2 337;13 160;0;0;11 500;1 660;0;0;13 160
Transport;Infrastructures des TCU;Transports collectifs urbains (TCU);2008;2 037;0;0;0;1 833;204;0;0;2 037;11 160;0;0;9 780;1 380;0;0;11 160
Transport;Infrastructures des TCU;Transports collectifs urbains (TCU);2009;1 976;0;0;0;1 778;198;0;0;1 976;11 520;0;0;10 120;1 400;0;0;11 520
Transport;Infrastructures des TCU;Transports collectifs urbains (TCU);2010;2 296;0;0;0;2 066;230;0;0;2 296;13 710;0;0;12 080;1 630;0;0;13 710
Transport;Infrastructures des TCU;Transports collectifs urbains (TCU);2011;3 059;0;0;0;2 753;306;0;0;3 059;16 670;0;0;14 540;2 130;0;0;16 670
Transport;Infrastructures des TCU;Transports collectifs urbains (TCU);2012;3 276;0;0;0;2 948;328;0;0;3 276;19 330;0;0;17 000;2 330;0;0;19 330
Transport;Infrastructures des TCU;Transports collectifs urbains (TCU);2013;3 512;0;0;0;3 161;351;0;0;3 512;21 290;0;0;18 790;2 500;0;0;21 290
Transport;Infrastructures des TCU;Transports collectifs urbains (TCU);2014;3 329;0;0;0;2 996;333;0;0;3 329;21 170;0;0;18 830;2 340;0;0;21 170
Transport;Infrastructures des TCU;Transports collectifs urbains (TCU);2015;3 497;0;0;0;3 147;350;0;0;3 497;22 460;0;0;19 990;2 470;0;0;22 460
Transport;Infrastructures des TCU;Transports collectifs urbains (TCU);2016;4 572;0;0;0;4 115;457;0;0;4 572;28 680;0;0;25 480;3 200;0;0;28 680
Transport;Infrastructures des TCU;Transports collectifs urbains (TCU);2017;5 633;0;0;0;5 070;563;0;0;5 633;33 740;0;0;29 790;3 950;0;0;33 740
Transport;Infrastructures des TCU;Transports collectifs urbains (TCU);2018;6 386;0;0;0;5 747;639;0;0;6 386;37 440;0;0;32 950;4 490;0;0;37 440
Transport;Infrastructures des TCU;Transports collectifs urbains (TCU);2019;7 146;0;0;0;6 431;715;0;0;7 146;41 090;0;0;36 200;4 890;0;0;41 090
Transport;Infrastructures des TCU;Transports collectifs urbains (TCU);2020;6 651;0;0;0;5 986;665;0;0;6 651;38 520;0;0;33 930;4 590;0;0;38 520
Transport;Infrastructures des TCU;Transports collectifs urbains (TCU);2021;6 476;0;0;0;5 828;648;0;0;6 476;37 110;0;0;32 600;4 510;0;0;37 110
Transport;Infrastructures des TCU;Transports collectifs urbains (TCU);2022;7 117;0;0;0;6 405;712;0;0;7 117;40 780;0;0;35 820;4 960;0;0;40 780
Transport;Equipements des transports collectifs routiers de voyageurs ;;2006;1 156;553;434;169;0;0;0;145;1 301;4 720;2 250;2 470;0;0;0;590;5 310
Transport;Equipements des transports collectifs routiers de voyageurs ;;2007;1 492;573;701;218;0;0;0;195;1 687;5 390;2 210;3 180;0;0;0;750;6 140
Transport;Equipements des transports collectifs routiers de voyageurs ;;2008;961;235;586;140;0;0;0;227;1 188;2 850;800;2 050;0;0;0;780;3 630
Transport;Equipements des transports collectifs routiers de voyageurs ;;2009;1 149;292;689;168;0;0;0;202;1 351;3 400;950;2 450;0;0;0;660;4 060
Transport;Equipements des transports collectifs routiers de voyageurs ;;2010;1 124;387;568;169;0;0;0;160;1 284;3 620;1 380;2 240;0;0;0;570;4 190
Transport;Equipements des transports collectifs routiers de voyageurs ;;2011;1 231;434;623;174;0;0;0;113;1 344;3 430;1 430;2 000;0;0;0;370;3 800
Transport;Equipements des transports collectifs routiers de voyageurs ;;2012;1 169;411;608;150;0;0;0;118;1 287;3 440;1 490;1 950;0;0;0;430;3 870
Transport;Equipements des transports collectifs routiers de voyageurs ;;2013;1 234;363;702;169;0;0;0;186;1 420;3 490;1 460;2 030;0;0;0;750;4 240
Transport;Equipements des transports collectifs routiers de voyageurs ;;2014;1 194;385;646;163;0;0;0;157;1 351;3 530;1 560;1 970;0;0;0;640;4 170
Transport;Equipements des transports collectifs routiers de voyageurs ;;2015;1 528;503;823;202;0;0;0;247;1 775;4 020;1 860;2 160;0;0;0;910;4 930
Transport;Equipements des transports collectifs routiers de voyageurs ;;2016;1 468;463;807;198;0;0;0;185;1 653;3 700;1 630;2 070;0;0;0;650;4 350
Transport;Equipements des transports collectifs routiers de voyageurs ;;2017;1 425;352;871;202;0;0;0;275;1 700;3 210;1 200;2 010;0;0;0;940;4 150
Transport;Equipements des transports collectifs routiers de voyageurs ;;2018;1 430;317;903;210;0;0;0;380;1 810;3 050;960;2 090;0;0;0;1 150;4 200
Transport;Equipements des transports collectifs routiers de voyageurs ;;2019;2 147;669;1 160;318;0;0;0;360;2 507;5 220;2 130;3 090;0;0;0;1 150;6 370
Transport;Equipements des transports collectifs routiers de voyageurs ;;2020;2 085;713;1 046;326;0;0;0;376;2 461;5 640;2 350;3 290;0;0;0;1 240;6 880
Transport;Equipements des transports collectifs routiers de voyageurs ;;2021;1 895;582;1 020;293;0;0;0;385;2 280;4 860;1 860;3 000;0;0;0;1 230;6 090
Transport;Equipements des transports collectifs routiers de voyageurs ;;2022;1 550;439;871;240;0;0;0;418;1 968;3 850;1 400;2 450;0;0;0;1 340;5 190
Transport;Vélos utilitaires;;2006;35;7;14;14;0;0;0;16;51;150;50;100;0;0;0;100;250
Transport;Vélos utilitaires;;2007;88;12;16;20;40;0;0;16;104;480;80;150;250;0;0;110;590
Transport;Vélos utilitaires;;2008;79;6;24;22;27;0;0;18;97;350;40;150;160;0;0;120;470
Transport;Vélos utilitaires;;2009;82;9;23;26;24;0;0;13;95;390;60;200;130;0;0;80;470
Transport;Vélos utilitaires;;2010;80;9;31;31;9;0;0;14;94;330;50;240;40;0;0;80;410
Transport;Vélos utilitaires;;2011;78;4;36;34;4;0;0;24;102;290;20;250;20;0;0;140;430
Transport;Vélos utilitaires;;2012;79;3;38;34;4;0;0;29;108;280;10;250;20;0;0;140;420
Transport;Vélos utilitaires;;2013;100;4;44;43;9;0;0;35;135;330;20;270;40;0;0;170;500
Transport;Vélos utilitaires;;2014;104;11;43;48;2;0;0;52;156;280;50;220;10;0;0;230;510
Transport;Vélos utilitaires;;2015;119;14;49;53;3;0;0;48;167;320;60;250;10;0;0;220;540
Transport;Vélos utilitaires;;2016;155;22;60;71;2;0;0;55;210;420;100;310;10;0;0;240;660
Transport;Vélos utilitaires;;2017;396;80;126;170;20;0;0;79;475;1 190;360;750;80;0;0;360;1 550
Transport;Vélos utilitaires;;2018;444;94;142;205;3;0;0;90;534;1 400;420;970;10;0;0;400;1 800
Transport;Vélos utilitaires;;2019;540;142;143;252;3;0;0;98;638;1 790;630;1 150;10;0;0;440;2 230
Transport;Vélos utilitaires;;2020;725;206;183;332;4;0;0;106;831;2 370;920;1 430;20;0;0;470;2 840
Transport;Vélos utilitaires;;2021;963;241;254;459;9;0;0;125;1 088;2 910;1 080;1 790;40;0;0;560;3 470
Transport;Vélos utilitaires;;2022;1 034;216;314;490;14;0;0;149;1 183;2 930;960;1 910;60;0;0;670;3 600
Transport;Véhicules électriques;;2006;0;0;0;0;0;0;0;0;0;0;0;0;0;0;0;0;0
Transport;Véhicules électriques;;2007;0;0;0;0;0;0;0;0;0;0;0;0;0;0;0;0;0
Transport;Véhicules électriques;;2008;0;0;0;0;0;0;0;0;0;0;0;0;0;0;0;0;0
Transport;Véhicules électriques;;2009;0;0;0;0;0;0;0;0;0;0;0;0;0;0;0;0;0
Transport;Véhicules électriques;;2010;3;0;3;0;0;0;0;1;4;10;0;10;0;0;0;0;10
Transport;Véhicules électriques;;2011;51;0;46;5;0;0;0;5;56;70;0;70;0;0;0;10;80
Transport;Véhicules électriques;;2012;111;1;98;12;0;0;0;8;119;160;0;160;0;0;0;20;180
Transport;Véhicules électriques;;2013;179;103;57;19;0;0;0;76;255;490;230;260;0;0;0;170;660
Transport;Véhicules électriques;;2014;237;113;99;25;0;0;0;118;355;560;240;320;0;0;0;250;810
Transport;Véhicules électriques;;2015;410;206;163;41;0;0;0;171;581;870;380;490;0;0;0;320;1 190
Transport;Véhicules électriques;;2016;552;225;273;54;0;0;0;255;807;1 040;380;660;0;0;0;430;1 470
Transport;Véhicules électriques;;2017;688;316;301;71;0;0;0;279;967;1 310;480;830;0;0;0;430;1 740
Transport;Véhicules électriques;;2018;866;367;406;93;0;0;0;642;1 508;1 630;550;1 080;0;0;0;970;2 600
Transport;Véhicules électriques;;2019;1 442;411;875;156;0;0;0;1 427;2 869;2 430;610;1 820;0;0;0;2 120;4 550
Transport;Véhicules électriques;;2020;3 500;722;2 377;401;0;0;0;1 496;4 996;6 540;1 320;5 220;0;0;0;2 730;9 270
Transport;Véhicules électriques;;2021;5 254;622;4 037;595;0;0;0;1 194;6 448;8 080;1 030;7 050;0;0;0;1 990;10 070
Transport;Véhicules électriques;;2022;7 399;1 030;5 531;838;0;0;0;1 023;8 422;11 630;1 710;9 920;0;0;0;1 700;13 330
Transport;IRVE ouvertes au public;Infrastructures de recharge des véhicules électriques (IRVE) ;2006;0;0;0;0;0;0;0;0;0;0;0;0;0;0;0;0;0
Transport;IRVE ouvertes au public;Infrastructures de recharge des véhicules électriques (IRVE);2007;0;0;0;0;0;0;0;0;0;0;0;0;0;0;0;0;0
Transport;IRVE ouvertes au public;Infrastructures de recharge des véhicules électriques (IRVE);2008;0;0;0;0;0;0;0;0;0;0;0;0;0;0;0;0;0
Transport;IRVE ouvertes au public;Infrastructures de recharge des véhicules électriques (IRVE);2009;0;0;0;0;0;0;0;0;0;0;0;0;0;0;0;0;0
Transport;IRVE ouvertes au public;Infrastructures de recharge des véhicules électriques (IRVE);2010;0;0;0;0;0;0;0;0;0;0;0;0;0;0;0;0;0
Transport;IRVE ouvertes au public;Infrastructures de recharge des véhicules électriques (IRVE);2011;3;1;0;0;2;0;0;0;3;20;10;0;10;0;0;0;20
Transport;IRVE ouvertes au public;Infrastructures de recharge des véhicules électriques (IRVE);2012;2;1;0;0;1;0;0;0;2;0;0;0;0;0;0;0;0
Transport;IRVE ouvertes au public;Infrastructures de recharge des véhicules électriques (IRVE);2013;13;7;0;0;6;0;0;0;13;60;30;0;30;0;0;0;60
Transport;IRVE ouvertes au public;Infrastructures de recharge des véhicules électriques (IRVE);2014;0;0;0;0;0;0;0;0;0;0;0;0;0;0;0;0;0
Transport;IRVE ouvertes au public;Infrastructures de recharge des véhicules électriques (IRVE);2015;102;51;0;0;51;0;0;0;102;590;290;0;300;0;0;0;590
Transport;IRVE ouvertes au public;Infrastructures de recharge des véhicules électriques (IRVE);2016;106;52;0;0;54;0;0;0;106;590;280;0;310;0;0;0;590
Transport;IRVE ouvertes au public;Infrastructures de recharge des véhicules électriques (IRVE);2017;17;8;0;0;9;0;0;0;17;90;40;0;50;0;0;0;90
Transport;IRVE ouvertes au public;Infrastructures de recharge des véhicules électriques (IRVE);2018;50;29;0;0;21;0;0;0;50;260;150;0;110;0;0;0;260
Transport;IRVE ouvertes au public;Infrastructures de recharge des véhicules électriques (IRVE);2019;64;32;0;0;32;0;0;0;64;340;170;0;170;0;0;0;340
Transport;IRVE ouvertes au public;Infrastructures de recharge des véhicules électriques (IRVE);2020;80;48;0;0;32;0;0;0;80;450;270;0;180;0;0;0;450
Transport;IRVE ouvertes au public;Infrastructures de recharge des véhicules électriques (IRVE);2021;241;121;0;0;120;0;0;0;241;1 190;580;0;610;0;0;0;1 190
Transport;IRVE ouvertes au public;Infrastructures de recharge des véhicules électriques (IRVE);2022;434;246;0;0;188;0;0;0;434;2 140;1 180;0;960;0;0;0;2 140
Transport;Véhicules hybrides rechargeables;;2006;0;0;0;0;0;0;0;0;0;0;0;0;0;0;0;0;0
Transport;Véhicules hybrides rechargeables;;2007;0;0;0;0;0;0;0;0;0;0;0;0;0;0;0;0;0
Transport;Véhicules hybrides rechargeables;;2008;0;0;0;0;0;0;0;0;0;0;0;0;0;0;0;0;0
Transport;Véhicules hybrides rechargeables;;2009;0;0;0;0;0;0;0;0;0;0;0;0;0;0;0;0;0
Transport;Véhicules hybrides rechargeables;;2010;2;0;2;0;0;0;0;0;2;0;0;0;0;0;0;0;0
Transport;Véhicules hybrides rechargeables;;2011;1;0;1;0;0;0;0;0;1;0;0;0;0;0;0;0;0
Transport;Véhicules hybrides rechargeables;;2012;20;0;18;2;0;0;0;0;20;30;0;30;0;0;0;0;30
Transport;Véhicules hybrides rechargeables;;2013;28;0;25;3;0;0;0;0;28;40;0;40;0;0;0;0;40
Transport;Véhicules hybrides rechargeables;;2014;77;0;69;8;0;0;0;0;77;110;0;110;0;0;0;0;110
Transport;Véhicules hybrides rechargeables;;2015;250;0;225;25;0;0;0;0;250;300;0;300;0;0;0;0;300
Transport;Véhicules hybrides rechargeables;;2016;380;0;343;37;0;0;0;0;380;450;0;450;0;0;0;0;450
Transport;Véhicules hybrides rechargeables;;2017;592;0;531;61;0;0;0;0;592;720;0;720;0;0;0;0;720
Transport;Véhicules hybrides rechargeables;;2018;788;0;704;84;0;0;0;0;788;980;0;980;0;0;0;0;980
Transport;Véhicules hybrides rechargeables;;2019;1 018;14;894;110;0;0;0;83;1 101;1 300;20;1 280;0;0;0;120;1 420
Transport;Véhicules hybrides rechargeables;;2020;3 349;547;2 419;383;0;0;0;370;3 719;6 000;1 000;5 000;0;0;0;680;6 680
Transport;Véhicules hybrides rechargeables;;2021;6 367;1 301;4 345;721;0;0;0;944;7 311;10 710;2 170;8 540;0;0;0;1 570;12 280
Transport;Véhicules hybrides rechargeables;;2022;6 126;943;4 489;694;0;0;0;949;7 075;9 780;1 570;8 210;0;0;0;1 580;11 360
Transport;Véhicules hybrides non rechargeables;;2006;129;0;113;16;0;0;0;0;129;260;0;260;0;0;0;0;260
Transport;Véhicules hybrides non rechargeables;;2007;145;0;132;13;0;0;0;0;145;240;0;240;0;0;0;0;240
Transport;Véhicules hybrides non rechargeables;;2008;177;0;158;19;0;0;0;0;177;340;0;340;0;0;0;0;340
Transport;Véhicules hybrides non rechargeables;;2009;212;0;190;22;0;0;0;0;212;340;0;340;0;0;0;0;340
Transport;Véhicules hybrides non rechargeables;;2010;220;0;198;22;0;0;0;0;220;330;0;330;0;0;0;0;330
Transport;Véhicules hybrides non rechargeables;;2011;321;0;289;32;0;0;0;0;321;430;0;430;0;0;0;0;430
Transport;Véhicules hybrides non rechargeables;;2012;669;6;592;71;0;0;0;0;669;960;10;950;0;0;0;0;960
Transport;Véhicules hybrides non rechargeables;;2013;1 184;590;469;125;0;0;0;0;1 184;3 030;1 330;1 700;0;0;0;0;3 030
Transport;Véhicules hybrides non rechargeables;;2014;1 108;455;537;116;0;0;0;671;1 779;2 460;950;1 510;0;0;0;1 410;3 870
Transport;Véhicules hybrides non rechargeables;;2015;1 525;654;718;153;0;0;0;917;2 442;3 060;1 220;1 840;0;0;0;1 710;4 770
Transport;Véhicules hybrides non rechargeables;;2016;1 423;348;936;139;0;0;0;1 024;2 447;2 290;590;1 700;0;0;0;1 750;4 040
Transport;Véhicules hybrides non rechargeables;;2017;1 785;301;1 299;185;0;0;0;1 430;3 215;2 620;460;2 160;0;0;0;2 190;4 810
Transport;Véhicules hybrides non rechargeables;;2018;2 475;388;1 822;265;0;0;0;1 790;4 265;3 660;580;3 080;0;0;0;2 690;6 350
Transport;Véhicules hybrides non rechargeables;;2019;3 328;321;2 647;360;0;0;0;1 991;5 319;4 680;480;4 200;0;0;0;2 960;7 640
Transport;Véhicules hybrides non rechargeables;;2020;4 634;278;3 826;530;0;0;0;1 724;6 358;7 430;510;6 920;0;0;0;3 150;10 580
Transport;Véhicules hybrides non rechargeables;;2021;8 004;619;6 478;907;0;0;0;2 571;10 575;11 760;1 030;10 730;0;0;0;4 280;16 040
Transport;Véhicules hybrides non rechargeables;;2022;9 815;1 106;7 597;1 112;0;0;0;3 969;13 784;15 000;1 840;13 160;0;0;0;6 610;21 610
Transport;Gaz Naturel pour Véhicules (GNV) ;Poids lourds, VUL, stations d'avitaillement;2006;0;0;0;0;0;0;0;0;0;0;0;0;0;0;0;0;0
Transport;Gaz Naturel pour Véhicules (GNV) ;Poids lourds, VUL, stations d'avitaillement;2007;0;0;0;0;0;0;0;0;0;0;0;0;0;0;0;0;0
Transport;Gaz Naturel pour Véhicules (GNV) ;Poids lourds, VUL, stations d'avitaillement;2008;0;0;0;0;0;0;0;0;0;0;0;0;0;0;0;0;0
Transport;Gaz Naturel pour Véhicules (GNV) ;Poids lourds, VUL, stations d'avitaillement;2009;0;0;0;0;0;0;0;0;0;0;0;0;0;0;0;0;0
Transport;Gaz Naturel pour Véhicules (GNV) ;Poids lourds, VUL, stations d'avitaillement;2010;0;0;0;0;0;0;0;0;0;0;0;0;0;0;0;0;0
Transport;Gaz Naturel pour Véhicules (GNV) ;Poids lourds, VUL, stations d'avitaillement;2011;0;0;0;0;0;0;0;0;0;0;0;0;0;0;0;0;0
Transport;Gaz Naturel pour Véhicules (GNV) ;Poids lourds, VUL, stations d'avitaillement;2012;18;0;0;0;18;0;0;0;18;50;0;0;50;0;0;0;50
Transport;Gaz Naturel pour Véhicules (GNV) ;Poids lourds, VUL, stations d'avitaillement;2013;0;0;0;0;0;0;0;0;0;0;0;0;0;0;0;0;0
Transport;Gaz Naturel pour Véhicules (GNV) ;Poids lourds, VUL, stations d'avitaillement;2014;2;0;0;0;2;0;0;0;2;10;0;0;10;0;0;0;10
Transport;Gaz Naturel pour Véhicules (GNV) ;Poids lourds, VUL, stations d'avitaillement;2015;18;2;12;2;2;0;0;0;18;40;0;30;10;0;0;0;40
Transport;Gaz Naturel pour Véhicules (GNV) ;Poids lourds, VUL, stations d'avitaillement;2016;45;5;26;6;8;0;0;1;46;90;10;60;20;0;0;0;90
Transport;Gaz Naturel pour Véhicules (GNV) ;Poids lourds, VUL, stations d'avitaillement;2017;111;13;61;15;22;0;0;2;113;250;30;150;70;0;0;0;250
Transport;Gaz Naturel pour Véhicules (GNV) ;Poids lourds, VUL, stations d'avitaillement;2018;159;18;79;20;42;0;0;3;162;360;30;200;130;0;0;10;370
Transport;Gaz Naturel pour Véhicules (GNV) ;Poids lourds, VUL, stations d'avitaillement;2019;172;18;103;25;26;0;0;3;175;370;40;250;80;0;0;10;380
Transport;Gaz Naturel pour Véhicules (GNV) ;Poids lourds, VUL, stations d'avitaillement;2020;198;24;103;29;42;0;0;4;202;490;60;290;140;0;0;10;500
Transport;Gaz Naturel pour Véhicules (GNV) ;Poids lourds, VUL, stations d'avitaillement;2021;320;56;150;46;68;0;0;10;330;780;110;470;200;0;0;20;800
Transport;Gaz Naturel pour Véhicules (GNV) ;Poids lourds, VUL, stations d'avitaillement;2022;289;54;144;44;47;0;0;10;299;710;110;460;140;0;0;20;730
Transport;Gaz Naturel pour Véhicules (GNV) ;Autobus et autocars ;2006;0;0;0;0;0;0;0;0;0;0;0;0;0;0;0;0;0
Transport;Gaz Naturel pour Véhicules (GNV) ;Autobus et autocars ;2007;0;0;0;0;0;0;0;0;0;0;0;0;0;0;0;0;0
Transport;Gaz Naturel pour Véhicules (GNV) ;Autobus et autocars ;2008;0;0;0;0;0;0;0;0;0;0;0;0;0;0;0;0;0
Transport;Gaz Naturel pour Véhicules (GNV) ;Autobus et autocars ;2009;0;0;0;0;0;0;0;0;0;0;0;0;0;0;0;0;0
Transport;Gaz Naturel pour Véhicules (GNV) ;Autobus et autocars ;2010;0;0;0;0;0;0;0;0;0;0;0;0;0;0;0;0;0
Transport;Gaz Naturel pour Véhicules (GNV) ;Autobus et autocars ;2011;0;0;0;0;0;0;0;0;0;0;0;0;0;0;0;0;0
Transport;Gaz Naturel pour Véhicules (GNV) ;Autobus et autocars ;2012;0;0;0;0;0;0;0;0;0;0;0;0;0;0;0;0;0
Transport;Gaz Naturel pour Véhicules (GNV) ;Autobus et autocars ;2013;0;0;0;0;0;0;0;0;0;0;0;0;0;0;0;0;0
Transport;Gaz Naturel pour Véhicules (GNV) ;Autobus et autocars ;2014;0;0;0;0;0;0;0;0;0;0;0;0;0;0;0;0;0
Transport;Gaz Naturel pour Véhicules (GNV) ;Autobus et autocars ;2015;51;14;29;8;0;0;0;14;65;120;40;80;0;0;0;40;160
Transport;Gaz Naturel pour Véhicules (GNV) ;Autobus et autocars ;2016;66;19;37;10;0;0;0;18;84;150;40;110;0;0;0;40;190
Transport;Gaz Naturel pour Véhicules (GNV) ;Autobus et autocars ;2017;90;25;50;15;0;0;0;25;115;200;50;150;0;0;0;50;250
Transport;Gaz Naturel pour Véhicules (GNV) ;Autobus et autocars ;2018;87;24;48;15;0;0;0;24;111;200;50;150;0;0;0;50;250
Transport;Gaz Naturel pour Véhicules (GNV) ;Autobus et autocars ;2019;228;63;125;40;0;0;0;63;291;520;130;390;0;0;0;120;640
Transport;Gaz Naturel pour Véhicules (GNV) ;Autobus et autocars ;2020;411;112;223;76;0;0;0;112;523;1 050;280;770;0;0;0;280;1 330
Transport;Gaz Naturel pour Véhicules (GNV) ;Autobus et autocars ;2021;542;148;295;99;0;0;0;147;689;1 320;300;1 020;0;0;0;300;1 620
Transport;Gaz Naturel pour Véhicules (GNV) ;Autobus et autocars ;2022;502;137;273;92;0;0;0;136;638;1 220;270;950;0;0;0;270;1 490
EnR&R;Réseaux de chaleur;;2006;49;6;10;1;28;4;154;0;203;250;20;40;160;30;1 310;0;1 560
EnR&R;Réseaux de chaleur;;2007;61;8;12;1;35;5;147;0;208;300;30;50;190;30;1 150;0;1 450
EnR&R;Réseaux de chaleur;;2008;79;10;16;1;45;7;166;0;245;390;40;60;250;40;1 270;0;1 660
EnR&R;Réseaux de chaleur;;2009;100;13;20;2;57;8;190;0;290;560;50;90;360;60;1 480;0;2 040
EnR&R;Réseaux de chaleur;;2010;106;14;21;2;60;9;191;0;297;580;50;90;380;60;1 440;0;2 020
EnR&R;Réseaux de chaleur;;2011;121;16;24;2;69;10;151;0;272;630;50;100;420;60;1 080;0;1 710
EnR&R;Réseaux de chaleur;;2012;160;21;32;3;91;13;178;0;338;830;70;140;540;80;1 250;0;2 080
EnR&R;Réseaux de chaleur;;2013;228;30;45;4;130;19;194;0;422;1 180;110;190;760;120;1 350;0;2 530
EnR&R;Réseaux de chaleur;;2014;309;41;62;5;176;25;202;0;511;1 630;150;260;1 060;160;1 350;0;2 980
EnR&R;Réseaux de chaleur;;2015;259;34;52;4;148;21;211;0;470;1 340;130;210;870;130;1 380;0;2 720
EnR&R;Réseaux de chaleur;;2016;240;32;48;4;136;20;240;0;480;1 230;120;190;800;120;1 560;0;2 790
EnR&R;Réseaux de chaleur;;2017;145;19;29;2;83;12;251;0;396;700;60;110;460;70;1 570;0;2 270
EnR&R;Réseaux de chaleur;;2018;182;24;36;3;104;15;260;0;442;850;70;140;550;90;1 570;0;2 420
EnR&R;Réseaux de chaleur;;2019;235;31;47;4;134;19;265;0;500;1 060;100;180;670;110;1 590;0;2 650
EnR&R;Réseaux de chaleur;;2020;272;35;54;5;156;22;283;0;555;1 260;120;210;820;110;1 840;0;3 100
EnR&R;Réseaux de chaleur;;2021;343;45;68;6;196;28;300;0;643;1 580;130;270;1 050;130;1 770;0;3 350
EnR&R;Réseaux de chaleur;;2022;310;40;61;5;178;26;335;0;645;1 430;120;240;950;120;1 980;0;3 410
EnR&R;Réseaux de froid;;2006;35;5;7;1;19;3;4;0;39;180;20;30;110;20;40;0;220
EnR&R;Réseaux de froid;;2007;36;5;7;1;20;3;5;0;41;180;20;30;110;20;40;0;220
EnR&R;Réseaux de froid;;2008;0;0;0;0;0;0;7;0;7;0;0;0;0;0;50;0;50
EnR&R;Réseaux de froid;;2009;5;1;1;0;3;0;7;0;12;30;0;10;20;0;50;0;80
EnR&R;Réseaux de froid;;2010;21;3;4;0;12;2;7;0;28;110;10;20;70;10;50;0;160
EnR&R;Réseaux de froid;;2011;9;1;2;0;5;1;7;0;16;40;0;10;30;0;50;0;90
EnR&R;Réseaux de froid;;2012;21;3;4;0;12;2;7;0;28;110;10;20;70;10;50;0;160
EnR&R;Réseaux de froid;;2013;7;1;1;0;4;1;8;0;15;30;0;10;20;0;60;0;90
EnR&R;Réseaux de froid;;2014;5;1;1;0;3;0;8;0;13;20;0;0;20;0;50;0;70
EnR&R;Réseaux de froid;;2015;58;8;12;1;32;5;8;0;66;300;30;50;190;30;50;0;350
EnR&R;Réseaux de froid;;2016;53;7;11;1;30;4;8;0;61;280;30;40;180;30;50;0;330
EnR&R;Réseaux de froid;;2017;1;0;0;0;1;0;10;0;11;10;0;0;10;0;60;0;70
EnR&R;Réseaux de froid;;2018;1;0;0;0;1;0;11;0;12;10;0;0;10;0;70;0;80
EnR&R;Réseaux de froid;;2019;28;4;6;0;16;2;10;0;38;120;10;20;80;10;60;0;180
EnR&R;Réseaux de froid;;2020;32;4;6;1;18;3;11;0;43;130;10;20;90;10;70;0;200
EnR&R;Réseaux de froid;;2021;35;5;7;1;19;3;11;0;46;150;10;30;100;10;60;0;210
EnR&R;Réseaux de froid;;2022;32;4;6;1;18;3;10;0;42;140;10;20;100;10;60;0;200
EnR&R;Hydroélectricité;;2006;145;20;23;0;87;15;2 515;45;2 705;470;90;0;270;110;7 340;200;8 010
EnR&R;Hydroélectricité;;2007;227;25;43;0;136;23;2 624;63;2 914;690;110;0;420;160;7 750;290;8 730
EnR&R;Hydroélectricité;;2008;253;43;33;0;152;25;4 153;91;4 497;880;200;0;510;170;8 110;420;9 410
EnR&R;Hydroélectricité;;2009;353;79;27;0;212;35;3 337;58;3 748;1 330;350;0;730;250;7 930;260;9 520
EnR&R;Hydroélectricité;;2010;741;194;28;0;445;74;3 653;78;4 472;2 780;690;0;1 560;530;8 020;280;11 080
EnR&R;Hydroélectricité;;2011;623;154;33;0;374;62;2 758;126;3 507;2 190;510;0;1 250;430;8 100;420;10 710
EnR&R;Hydroélectricité;;2012;1 173;326;26;0;704;117;3 246;117;4 536;4 440;1 190;0;2 410;840;8 830;430;13 700
EnR&R;Hydroélectricité;;2013;822;217;30;0;493;82;3 686;72;4 580;3 230;860;0;1 790;580;9 120;290;12 640
EnR&R;Hydroélectricité;;2014;826;220;27;0;496;83;2 911;76;3 813;3 290;870;0;1 840;580;9 010;300;12 600
EnR&R;Hydroélectricité;;2015;878;227;36;0;527;88;2 682;91;3 651;3 430;770;0;2 030;630;9 030;310;12 770
EnR&R;Hydroélectricité;;2016;821;215;31;0;493;82;2 568;72;3 461;3 260;720;0;1 960;580;9 070;240;12 570
EnR&R;Hydroélectricité;;2017;738;200;21;0;443;74;2 113;44;2 895;3 020;670;0;1 830;520;9 270;150;12 440
EnR&R;Hydroélectricité;;2018;528;141;18;0;316;53;2 523;48;3 099;2 260;530;0;1 350;380;9 700;180;12 140
EnR&R;Hydroélectricité;;2019;721;199;17;0;433;72;2 333;40;3 094;3 070;660;0;1 910;500;9 770;130;12 970
EnR&R;Hydroélectricité;;2020;658;178;19;0;395;66;2 771;30;3 459;2 940;650;0;1 810;480;9 650;110;12 700
EnR&R;Hydroélectricité;;2021;675;187;15;0;405;68;3 679;29;4 383;3 050;650;0;1 920;480;10 110;100;13 260
EnR&R;Hydroélectricité;;2022;770;216;15;0;462;77;3 372;25;4 167;3 550;750;0;2 260;540;11 300;90;14 940
EnR&R;PAC aéro domestiques et CET;Pompes à chaleur (PAC) aérothermiques domestiques et Chauffe-eau thermodynamiques (CET);2006;1 042;146;42;352;502;0;31;104;1 177;6 900;980;2 780;3 140;0;320;700;7 920
EnR&R;PAC aéro domestiques et CET;Pompes à chaleur (PAC) aérothermiques domestiques et Chauffe-eau thermodynamiques (CET);2007;1 379;112;127;476;664;0;48;235;1 662;8 130;600;3 540;3 990;0;480;1 250;9 860
EnR&R;PAC aéro domestiques et CET;Pompes à chaleur (PAC) aérothermiques domestiques et Chauffe-eau thermodynamiques (CET);2008;3 077;337;90;975;1 675;0;82;153;3 312;15 540;1 470;6 160;7 910;0;720;670;16 930
EnR&R;PAC aéro domestiques et CET;Pompes à chaleur (PAC) aérothermiques domestiques et Chauffe-eau thermodynamiques (CET);2009;2 509;473;60;918;1 058;0;111;41;2 661;16 590;2 510;7 800;6 280;0;880;220;17 690
EnR&R;PAC aéro domestiques et CET;Pompes à chaleur (PAC) aérothermiques domestiques et Chauffe-eau thermodynamiques (CET);2010;2 068;255;250;765;798;0;134;85;2 287;14 050;1 680;6 800;5 570;0;1 060;560;15 670
EnR&R;PAC aéro domestiques et CET;Pompes à chaleur (PAC) aérothermiques domestiques et Chauffe-eau thermodynamiques (CET);2011;1 579;213;225;611;530;0;155;148;1 882;11 760;1 410;5 880;4 470;0;1 320;980;14 060
EnR&R;PAC aéro domestiques et CET;Pompes à chaleur (PAC) aérothermiques domestiques et Chauffe-eau thermodynamiques (CET);2012;1 464;215;208;536;505;0;177;188;1 829;11 070;1 540;5 340;4 190;0;1 440;1 340;13 850
EnR&R;PAC aéro domestiques et CET;Pompes à chaleur (PAC) aérothermiques domestiques et Chauffe-eau thermodynamiques (CET);2013;1 485;255;230;544;456;0;201;161;1 847;10 930;1 840;5 340;3 750;0;1 650;1 160;13 740
EnR&R;PAC aéro domestiques et CET;Pompes à chaleur (PAC) aérothermiques domestiques et Chauffe-eau thermodynamiques (CET);2014;1 607;214;278;555;560;0;230;163;2 000;11 540;1 490;5 540;4 510;0;1 850;1 140;14 530
EnR&R;PAC aéro domestiques et CET;Pompes à chaleur (PAC) aérothermiques domestiques et Chauffe-eau thermodynamiques (CET);2015;1 623;275;249;561;538;0;262;156;2 041;11 880;2 120;5 280;4 480;0;2 190;1 200;15 270
EnR&R;PAC aéro domestiques et CET;Pompes à chaleur (PAC) aérothermiques domestiques et Chauffe-eau thermodynamiques (CET);2016;1 658;288;269;566;535;0;298;213;2 169;11 500;1 980;5 060;4 460;0;2 480;1 460;15 440
EnR&R;PAC aéro domestiques et CET;Pompes à chaleur (PAC) aérothermiques domestiques et Chauffe-eau thermodynamiques (CET);2017;1 880;338;279;650;613;0;337;216;2 433;13 630;2 280;6 250;5 100;0;2 800;1 460;17 890
EnR&R;PAC aéro domestiques et CET;Pompes à chaleur (PAC) aérothermiques domestiques et Chauffe-eau thermodynamiques (CET);2018;2 249;331;340;780;798;0;383;256;2 888;16 240;2 020;7 570;6 650;0;3 190;1 560;20 990
EnR&R;PAC aéro domestiques et CET;Pompes à chaleur (PAC) aérothermiques domestiques et Chauffe-eau thermodynamiques (CET);2019;3 752;516;618;1 287;1 331;0;449;267;4 468;26 470;3 430;11 950;11 090;0;3 740;1 780;31 990
EnR&R;PAC aéro domestiques et CET;Pompes à chaleur (PAC) aérothermiques domestiques et Chauffe-eau thermodynamiques (CET);2020;4 133;466;715;1 405;1 547;0;518;217;4 868;29 820;3 130;13 800;12 890;0;4 320;1 460;35 600
EnR&R;PAC aéro domestiques et CET;Pompes à chaleur (PAC) aérothermiques domestiques et Chauffe-eau thermodynamiques (CET);2021;6 315;646;1 043;2 168;2 458;0;617;229;7 161;43 570;3 580;19 510;20 480;0;5 140;1 270;49 980
EnR&R;PAC aéro domestiques et CET;Pompes à chaleur (PAC) aérothermiques domestiques et Chauffe-eau thermodynamiques (CET);2022;7 842;1 698;457;2 840;2 847;0;726;195;8 763;58 650;9 380;25 550;23 720;0;6 050;1 080;65 780
EnR&R;Éolien terrestre;;2006;1 112;77;624;0;349;62;188;455;1 755;3 250;380;0;2 400;470;390;2 450;6 090
EnR&R;Éolien terrestre;;2007;1 030;68;581;0;323;58;345;492;1 867;2 970;350;0;2 180;440;570;2 510;6 050
EnR&R;Éolien terrestre;;2008;1 618;112;907;0;508;91;484;539;2 641;4 180;520;0;3 020;640;810;2 750;7 740
EnR&R;Éolien terrestre;;2009;1 382;101;770;0;434;77;676;549;2 607;3 970;540;0;2 860;570;1 070;2 980;8 020
EnR&R;Éolien terrestre;;2010;1 698;118;952;0;533;95;841;549;3 088;4 950;560;0;3 620;770;1 350;3 010;9 310
EnR&R;Éolien terrestre;;2011;1 045;80;567;0;329;69;1 033;574;2 652;2 950;340;0;2 060;550;1 540;2 990;7 480
EnR&R;Éolien terrestre;;2012;1 045;82;554;0;329;80;1 310;598;2 953;3 160;410;0;2 110;640;1 720;3 240;8 120
EnR&R;Éolien terrestre;;2013;906;84;458;0;286;78;1 421;621;2 948;2 840;460;0;1 750;630;1 850;3 430;8 120
EnR&R;Éolien terrestre;;2014;1 641;135;832;0;518;156;1 534;645;3 820;5 310;640;0;3 420;1 250;2 120;3 570;11 000
EnR&R;Éolien terrestre;;2015;1 375;114;682;0;435;144;1 889;666;3 930;4 390;560;0;2 680;1 150;2 330;3 720;10 440
EnR&R;Éolien terrestre;;2016;2 223;127;1 161;0;703;232;1 761;701;4 685;6 770;700;0;4 220;1 850;2 650;3 780;13 200
EnR&R;Éolien terrestre;;2017;2 424;137;1 267;0;767;253;1 853;722;4 999;7 070;660;0;4 390;2 020;3 110;3 760;13 940
EnR&R;Éolien terrestre;;2018;2 508;142;1 311;0;793;262;2 227;748;5 483;7 190;630;0;4 470;2 090;3 490;3 940;14 620
EnR&R;Éolien terrestre;;2019;1 813;106;944;0;574;189;2 404;768;4 985;5 100;480;0;3 150;1 470;3 800;4 050;12 950
EnR&R;Éolien terrestre;;2020;2 061;90;826;0;861;284;2 786;777;5 624;7 540;410;0;4 780;2 350;4 080;4 270;15 890
EnR&R;Éolien terrestre;;2021;2 175;86;857;0;926;306;2 524;806;5 505;8 020;360;0;5 140;2 520;4 370;4 450;16 840
EnR&R;Éolien terrestre;;2022;2 875;144;1 440;0;971;320;3 034;830;6 739;8 640;610;0;5 390;2 640;4 710;4 610;17 960
EnR&R;Appareils domestiques de chauffage au bois ;;2006;1 148;485;79;283;301;0;951;78;2 177;11 580;2 810;3 590;5 180;0;6 800;450;18 830
EnR&R;Appareils domestiques de chauffage au bois ;;2007;940;403;68;251;218;0;1 094;72;2 106;9 240;2 400;3 080;3 760;0;7 060;430;16 730
EnR&R;Appareils domestiques de chauffage au bois ;;2008;1 155;501;80;307;267;0;1 267;74;2 496;11 100;2 930;3 620;4 550;0;8 070;430;19 600
EnR&R;Appareils domestiques de chauffage au bois ;;2009;1 127;468;110;317;232;0;1 384;63;2 574;10 300;2 820;3 590;3 890;0;8 740;380;19 420
EnR&R;Appareils domestiques de chauffage au bois ;;2010;1 038;408;125;291;214;0;1 722;62;2 822;9 140;2 570;2 930;3 640;0;10 330;390;19 860
EnR&R;Appareils domestiques de chauffage au bois ;;2011;1 024;395;117;296;216;0;1 562;60;2 646;9 030;2 530;2 860;3 640;0;9 280;390;18 700
EnR&R;Appareils domestiques de chauffage au bois ;;2012;1 103;406;154;320;223;0;1 972;59;3 134;9 150;2 560;2 860;3 730;0;10 960;370;20 480
EnR&R;Appareils domestiques de chauffage au bois ;;2013;1 155;392;197;337;229;0;2 406;53;3 614;9 700;2 530;3 310;3 860;0;12 030;340;22 070
EnR&R;Appareils domestiques de chauffage au bois ;;2014;966;318;177;301;170;0;2 232;44;3 242;8 070;2 040;3 010;3 020;0;11 150;280;19 500
EnR&R;Appareils domestiques de chauffage au bois ;;2015;942;316;156;288;182;0;2 269;37;3 248;7 720;2 410;2 710;2 600;0;11 660;290;19 670
EnR&R;Appareils domestiques de chauffage au bois ;;2016;862;269;159;270;164;0;2 500;34;3 396;6 650;1 910;2 410;2 330;0;12 800;240;19 690
EnR&R;Appareils domestiques de chauffage au bois ;;2017;897;248;189;281;179;0;2 565;35;3 497;6 810;1 680;2 710;2 420;0;12 680;240;19 730
EnR&R;Appareils domestiques de chauffage au bois ;;2018;1 007;299;219;305;184;0;2 574;35;3 616;7 260;1 880;2 960;2 420;0;12 640;220;20 120
EnR&R;Appareils domestiques de chauffage au bois ;;2019;1 045;323;229;298;195;0;2 589;35;3 669;7 540;2 290;2 770;2 480;0;12 780;250;20 570
EnR&R;Appareils domestiques de chauffage au bois ;;2020;890;235;220;278;157;0;2 628;35;3 553;6 420;1 640;2 730;2 050;0;12 420;250;19 090
EnR&R;Appareils domestiques de chauffage au bois ;;2021;1 255;318;326;364;247;0;2 928;43;4 226;8 320;2 180;3 280;2 860;0;13 520;300;22 140
EnR&R;Appareils domestiques de chauffage au bois ;;2022;1 627;381;468;484;294;0;3 241;64;4 932;10 110;2 350;4 350;3 410;0;13 070;390;23 570
EnR&R;Bois-énergie;Secteurs collectif, industriel et tertiaire;2006;220;136;39;0;34;11;372;35;627;970;610;0;280;80;3 400;160;4 530
EnR&R;Bois-énergie;Secteurs collectif, industriel et tertiaire;2007;228;131;46;0;38;13;386;34;648;920;530;0;300;90;3 160;140;4 220
EnR&R;Bois-énergie;Secteurs collectif, industriel et tertiaire;2008;185;90;52;0;32;11;425;31;641;690;370;0;250;70;3 350;120;4 160
EnR&R;Bois-énergie;Secteurs collectif, industriel et tertiaire;2009;223;125;50;0;36;12;452;33;708;940;560;0;290;90;3 510;150;4 600
EnR&R;Bois-énergie;Secteurs collectif, industriel et tertiaire;2010;312;184;63;0;49;16;503;47;862;1 250;750;0;380;120;3 340;200;4 790
EnR&R;Bois-énergie;Secteurs collectif, industriel et tertiaire;2011;490;291;94;0;79;26;559;63;1 112;1 860;1 080;0;600;180;3 780;240;5 880
EnR&R;Bois-énergie;Secteurs collectif, industriel et tertiaire;2012;624;366;122;0;102;34;698;79;1 401;2 360;1 350;0;770;240;4 180;310;6 850
EnR&R;Bois-énergie;Secteurs collectif, industriel et tertiaire;2013;511;308;88;0;86;29;839;112;1 462;1 960;1 120;0;640;200;4 270;380;6 610
EnR&R;Bois-énergie;Secteurs collectif, industriel et tertiaire;2014;407;234;84;0;67;22;965;50;1 422;1 530;870;0;500;160;4 560;200;6 290
EnR&R;Bois-énergie;Secteurs collectif, industriel et tertiaire;2015;480;308;80;0;69;23;1 053;69;1 602;1 800;1 120;0;520;160;4 840;260;6 900
EnR&R;Bois-énergie;Secteurs collectif, industriel et tertiaire;2016;492;310;91;0;68;23;1 156;67;1 715;1 830;1 180;0;490;160;5 180;260;7 270
EnR&R;Bois-énergie;Secteurs collectif, industriel et tertiaire;2017;351;216;64;0;53;18;1 188;54;1 593;1 270;790;0;360;120;5 270;200;6 740
EnR&R;Bois-énergie;Secteurs collectif, industriel et tertiaire;2018;259;156;47;0;42;14;1 296;35;1 590;910;530;0;280;100;5 480;120;6 510
EnR&R;Bois-énergie;Secteurs collectif, industriel et tertiaire;2019;325;196;65;0;48;16;1 361;47;1 733;1 090;660;0;320;110;5 520;160;6 770
EnR&R;Bois-énergie;Secteurs collectif, industriel et tertiaire;2020;414;263;71;0;60;20;1 328;54;1 796;1 670;1 090;0;430;150;5 520;220;7 410
EnR&R;Bois-énergie;Secteurs collectif, industriel et tertiaire;2021;375;225;73;0;58;19;1 447;49;1 871;1 300;790;0;370;140;5 680;170;7 150
EnR&R;Bois-énergie;Secteurs collectif, industriel et tertiaire;2022;327;186;70;0;53;18;1 580;43;1 950;1 130;650;0;350;130;5 720;150;7 000
EnR&R;Valorisation énergétique des DMA;Par incinération des déchets ménagers et assimilés (DMA);2006;80;60;0;0;13;7;121;0;201;410;270;0;90;50;520;0;930
EnR&R;Valorisation énergétique des DMA;Par incinération des déchets ménagers et assimilés (DMA);2007;53;40;0;0;8;5;127;0;180;260;170;0;60;30;530;0;790
EnR&R;Valorisation énergétique des DMA;Par incinération des déchets ménagers et assimilés (DMA);2008;31;23;0;0;5;3;139;0;170;150;100;0;30;20;550;0;700
EnR&R;Valorisation énergétique des DMA;Par incinération des déchets ménagers et assimilés (DMA);2009;19;14;0;0;3;2;152;0;171;100;70;0;20;10;560;0;660
EnR&R;Valorisation énergétique des DMA;Par incinération des déchets ménagers et assimilés (DMA);2010;6;4;0;0;1;1;150;0;156;30;20;0;10;0;580;0;610
EnR&R;Valorisation énergétique des DMA;Par incinération des déchets ménagers et assimilés (DMA);2011;13;10;0;0;2;1;148;0;161;60;40;0;10;10;590;0;650
EnR&R;Valorisation énergétique des DMA;Par incinération des déchets ménagers et assimilés (DMA);2012;20;15;0;0;3;2;152;0;172;90;60;0;20;10;590;0;680
EnR&R;Valorisation énergétique des DMA;Par incinération des déchets ménagers et assimilés (DMA);2013;11;8;0;0;2;1;147;0;158;50;30;0;10;10;590;0;640
EnR&R;Valorisation énergétique des DMA;Par incinération des déchets ménagers et assimilés (DMA);2014;4;3;0;0;1;0;144;0;148;10;10;0;0;0;600;0;610
EnR&R;Valorisation énergétique des DMA;Par incinération des déchets ménagers et assimilés (DMA);2015;7;5;0;0;1;1;151;0;158;30;20;0;10;0;600;0;630
EnR&R;Valorisation énergétique des DMA;Par incinération des déchets ménagers et assimilés (DMA);2016;7;5;0;0;1;1;161;0;168;30;20;0;10;0;600;0;630
EnR&R;Valorisation énergétique des DMA;Par incinération des déchets ménagers et assimilés (DMA);2017;6;4;0;0;1;1;163;0;169;30;20;0;10;0;600;0;630
EnR&R;Valorisation énergétique des DMA;Par incinération des déchets ménagers et assimilés (DMA);2018;2;2;0;0;0;0;163;0;165;10;10;0;0;0;590;0;600
EnR&R;Valorisation énergétique des DMA;Par incinération des déchets ménagers et assimilés (DMA);2019;2;2;0;0;0;0;166;0;168;10;10;0;0;0;600;0;610
EnR&R;Valorisation énergétique des DMA;Par incinération des déchets ménagers et assimilés (DMA);2020;6;4;0;0;1;1;163;0;169;30;20;0;10;0;610;0;640
EnR&R;Valorisation énergétique des DMA;Par incinération des déchets ménagers et assimilés (DMA);2021;2;2;0;0;0;0;165;0;167;10;10;0;0;0;600;0;610
EnR&R;Valorisation énergétique des DMA;Par incinération des déchets ménagers et assimilés (DMA);2022;0;0;0;0;0;0;174;0;174;0;0;0;0;0;600;0;600
EnR&R;Biocarburants essence;;2006;275;165;0;0;55;55;168;0;443;1 580;830;0;420;330;320;0;1 900
EnR&R;Biocarburants essence;;2007;241;145;0;0;48;48;312;0;553;1 340;700;0;360;280;570;0;1 910
EnR&R;Biocarburants essence;;2008;180;108;0;0;36;36;557;211;948;1 010;530;0;270;210;890;110;2 010
EnR&R;Biocarburants essence;;2009;11;7;0;0;2;2;461;392;864;70;40;0;20;10;790;320;1 180
EnR&R;Biocarburants essence;;2010;0;0;0;0;0;0;527;448;975;0;0;0;0;0;740;410;1 150
EnR&R;Biocarburants essence;;2011;0;0;0;0;0;0;563;475;1 038;0;0;0;0;0;720;380;1 100
EnR&R;Biocarburants essence;;2012;0;0;0;0;0;0;607;497;1 104;0;0;0;0;0;740;370;1 110
EnR&R;Biocarburants essence;;2013;0;0;0;0;0;0;462;504;966;0;0;0;0;0;720;410;1 130
EnR&R;Biocarburants essence;;2014;0;0;0;0;0;0;441;507;948;0;0;0;0;0;740;450;1 190
EnR&R;Biocarburants essence;;2015;0;0;0;0;0;0;468;483;951;0;0;0;0;0;760;390;1 150
EnR&R;Biocarburants essence;;2016;0;0;0;0;0;0;505;279;784;0;0;0;0;0;820;130;950
EnR&R;Biocarburants essence;;2017;0;0;0;0;0;0;587;305;892;0;0;0;0;0;910;100;1 010
EnR&R;Biocarburants essence;;2018;0;0;0;0;0;0;723;301;1 024;0;0;0;0;0;970;110;1 080
EnR&R;Biocarburants essence;;2019;0;0;0;0;0;0;758;362;1 120;0;0;0;0;0;1 060;100;1 160
EnR&R;Biocarburants essence;;2020;0;0;0;0;0;0;596;320;916;0;0;0;0;0;880;250;1 130
EnR&R;Biocarburants essence;;2021;0;0;0;0;0;0;985;372;1 357;0;0;0;0;0;1 110;90;1 200
EnR&R;Biocarburants essence;;2022;0;0;0;0;0;0;1 518;461;1 979;0;0;0;0;0;1 290;130;1 420
EnR&R;Biocarburants gazole;;2006;109;44;0;0;54;11;509;57;675;640;230;0;340;70;260;30;930
EnR&R;Biocarburants gazole;;2007;178;71;0;0;89;18;1 002;18;1 198;1 030;380;0;540;110;440;10;1 480
EnR&R;Biocarburants gazole;;2008;116;46;0;0;58;12;2 079;23;2 218;660;260;0;340;60;820;10;1 490
EnR&R;Biocarburants gazole;;2009;12;5;0;0;6;1;1 596;79;1 687;70;30;0;30;10;940;50;1 060
EnR&R;Biocarburants gazole;;2010;0;0;0;0;0;0;1 861;14;1 875;0;0;0;0;0;970;10;980
EnR&R;Biocarburants gazole;;2011;0;0;0;0;0;0;2 500;53;2 553;0;0;0;0;0;960;30;990
EnR&R;Biocarburants gazole;;2012;20;8;0;0;10;2;2 617;38;2 675;100;40;0;50;10;1 120;20;1 240
EnR&R;Biocarburants gazole;;2013;20;8;0;0;10;2;2 360;46;2 426;100;40;0;50;10;1 090;30;1 220
EnR&R;Biocarburants gazole;;2014;0;0;0;0;0;0;2 258;71;2 329;0;0;0;0;0;1 120;50;1 170
EnR&R;Biocarburants gazole;;2015;13;5;0;0;7;1;2 080;108;2 201;60;20;0;30;10;1 110;80;1 250
EnR&R;Biocarburants gazole;;2016;0;0;0;0;0;0;2 265;172;2 437;0;0;0;0;0;960;120;1 080
EnR&R;Biocarburants gazole;;2017;38;15;0;0;19;4;2 452;304;2 794;170;70;0;80;20;920;210;1 300
EnR&R;Biocarburants gazole;;2018;38;15;0;0;19;4;2 336;501;2 875;160;60;0;80;20;790;330;1 280
EnR&R;Biocarburants gazole;;2019;38;15;0;0;19;4;2 267;529;2 834;180;70;0;90;20;400;360;940
EnR&R;Biocarburants gazole;;2020;0;0;0;0;0;0;1 832;482;2 314;0;0;0;0;0;530;330;860
EnR&R;Biocarburants gazole;;2021;22;9;0;0;11;2;2 312;686;3 020;100;40;0;50;10;210;390;700
EnR&R;Biocarburants gazole;;2022;22;9;0;0;11;2;3 164;818;4 004;100;40;0;50;10;270;350;720
EnR&R;Solaire thermique;Métropole et DOM;2006;341;72;69;13;183;4;25;112;478;3 520;330;140;3 030;20;210;510;4 240
EnR&R;Solaire thermique;Métropole et DOM;2007;363;85;66;12;192;8;32;98;493;3 770;410;140;3 180;40;270;470;4 510
EnR&R;Solaire thermique;Métropole et DOM;2008;443;102;82;15;233;11;41;134;618;4 210;390;170;3 590;60;350;510;5 070
EnR&R;Solaire thermique;Métropole et DOM;2009;336;60;79;12;175;10;46;118;500;3 000;270;140;2 520;70;380;520;3 900
EnR&R;Solaire thermique;Métropole et DOM;2010;310;48;80;11;161;10;50;100;460;2 730;220;110;2 330;70;420;450;3 600
EnR&R;Solaire thermique;Métropole et DOM;2011;315;73;61;8;159;14;55;110;480;2 820;350;80;2 290;100;460;530;3 810
EnR&R;Solaire thermique;Métropole et DOM;2012;367;106;54;5;179;23;56;117;540;3 280;480;30;2 610;160;470;530;4 280
EnR&R;Solaire thermique;Métropole et DOM;2013;281;73;50;3;140;15;58;110;449;2 520;350;30;2 040;100;490;520;3 530
EnR&R;Solaire thermique;Métropole et DOM;2014;236;60;44;2;117;13;64;104;404;2 110;320;20;1 680;90;520;540;3 170
EnR&R;Solaire thermique;Métropole et DOM;2015;190;29;48;2;101;10;69;100;359;1 590;160;20;1 340;70;560;550;2 700
EnR&R;Solaire thermique;Métropole et DOM;2016;166;18;48;2;89;9;72;101;339;1 240;100;20;1 070;50;590;530;2 360
EnR&R;Solaire thermique;Métropole et DOM;2017;148;15;41;4;84;4;75;97;320;1 150;80;30;1 010;30;610;490;2 250
EnR&R;Solaire thermique;Métropole et DOM;2018;177;18;47;5;105;2;80;85;342;1 360;80;50;1 210;20;650;390;2 400
EnR&R;Solaire thermique;Métropole et DOM;2019;150;15;39;5;89;2;84;98;332;1 090;60;50;970;10;690;420;2 200
EnR&R;Solaire thermique;Métropole et DOM;2020;195;19;51;7;115;3;87;114;396;1 490;80;60;1 330;20;710;470;2 670
EnR&R;Solaire thermique;Métropole et DOM;2021;198;19;52;7;118;2;93;121;412;1 450;80;60;1 300;10;760;490;2 700
EnR&R;Solaire thermique;Métropole et DOM;2022;241;24;63;8;144;2;100;120;461;1 770;100;70;1 590;10;820;490;3 080
EnR&R;Solaire photovoltaïque;;2006;126;30;72;0;18;6;1;102;229;950;130;0;790;30;0;450;1 400
EnR&R;Solaire photovoltaïque;;2007;303;62;169;0;57;15;4;117;424;2 120;240;0;1 810;70;0;450;2 570
EnR&R;Solaire photovoltaïque;;2008;810;253;216;113;178;50;32;91;933;4 920;890;0;3 780;250;30;320;5 270
EnR&R;Solaire photovoltaïque;;2009;1 785;333;566;364;402;120;100;33;1 918;10 140;1 290;0;8 240;610;150;130;10 420
EnR&R;Solaire photovoltaïque;;2010;5 924;620;2 336;1 100;1 435;433;381;64;6 369;31 620;2 410;0;26 920;2 290;460;250;32 330
EnR&R;Solaire photovoltaïque;;2011;4 484;570;1 902;0;1 499;513;1 202;45;5 731;31 040;2 210;0;26 140;2 690;1 050;170;32 260
EnR&R;Solaire photovoltaïque;;2012;1 668;335;569;0;597;167;2 211;22;3 901;11 330;1 250;0;9 210;870;1 310;80;12 720
EnR&R;Solaire photovoltaïque;;2013;1 350;252;553;0;503;42;2 422;7;3 779;8 380;1 010;0;7 150;220;1 350;30;9 760
EnR&R;Solaire photovoltaïque;;2014;1 555;241;687;0;570;57;2 648;10;4 213;6 740;870;0;5 580;290;1 420;40;8 200
EnR&R;Solaire photovoltaïque;;2015;1 140;184;528;0;398;30;2 870;42;4 052;4 790;640;0;4 000;150;1 640;150;6 580
EnR&R;Solaire photovoltaïque;;2016;641;159;234;0;227;21;2 955;15;3 611;2 790;510;0;2 170;110;1 780;50;4 620
EnR&R;Solaire photovoltaïque;;2017;1 215;191;565;0;414;45;3 181;12;4 408;5 080;600;0;4 250;230;2 010;40;7 130
EnR&R;Solaire photovoltaïque;;2018;903;179;374;0;318;32;3 225;3;4 131;4 080;540;0;3 380;160;2 230;10;6 320
EnR&R;Solaire photovoltaïque;;2019;1 136;182;508;0;406;40;3 445;10;4 591;5 270;590;0;4 480;200;2 480;30;7 780
EnR&R;Solaire photovoltaïque;;2020;2 053;249;981;0;754;69;3 828;10;5 891;9 870;880;0;8 630;360;2 810;40;12 720
EnR&R;Solaire photovoltaïque;;2021;3 185;285;1 722;0;1 071;107;4 601;14;7 800;12 100;990;0;10 580;530;3 490;50;15 640
EnR&R;Solaire photovoltaïque;;2022;4 187;287;2 346;0;1 443;111;5 447;10;9 644;14 040;1 310;0;12 180;550;4 220;40;18 300
EnR&R;Géothermie;;2006;435;61;17;89;268;0;49;43;527;3 020;410;910;1 700;0;730;290;4 040
EnR&R;Géothermie;;2007;491;47;51;99;294;0;55;94;640;3 270;250;1 120;1 900;0;760;500;4 530
EnR&R;Géothermie;;2008;528;86;23;104;315;0;61;39;628;3 520;370;1 220;1 930;0;780;170;4 470
EnR&R;Géothermie;;2009;405;89;11;74;231;0;57;8;470;2 980;470;1 090;1 420;0;780;40;3 800
EnR&R;Géothermie;;2010;377;53;50;60;213;1;61;17;455;2 640;340;970;1 320;10;820;110;3 570
EnR&R;Géothermie;;2011;408;49;47;60;250;2;73;31;512;2 520;310;750;1 450;10;860;200;3 580
EnR&R;Géothermie;;2012;372;45;37;50;237;3;78;34;484;2 190;300;620;1 250;20;910;240;3 340
EnR&R;Géothermie;;2013;316;39;30;43;202;2;93;21;430;1 670;260;430;960;20;990;150;2 810
EnR&R;Géothermie;;2014;303;33;28;34;203;5;92;17;412;1 500;210;340;920;30;1 020;120;2 640
EnR&R;Géothermie;;2015;354;48;22;32;243;9;96;14;464;1 860;300;310;1 200;50;1 080;110;3 050
EnR&R;Géothermie;;2016;346;48;22;30;237;9;112;17;475;1 720;270;270;1 120;60;1 250;120;3 090
EnR&R;Géothermie;;2017;346;42;21;32;243;8;133;16;495;1 760;250;310;1 150;50;1 380;110;3 250
EnR&R;Géothermie;;2018;358;41;26;34;250;7;143;20;521;1 710;220;330;1 110;50;1 510;120;3 340
EnR&R;Géothermie;;2019;305;31;23;30;215;6;153;10;468;1 460;180;280;970;30;1 610;70;3 140
EnR&R;Géothermie;;2020;254;30;23;27;170;4;158;7;419;1 310;170;260;860;20;1 710;50;3 070
EnR&R;Géothermie;;2021;214;25;19;26;141;3;165;4;383;1 060;120;230;690;20;1 750;20;2 830
EnR&R;Géothermie;;2022;158;24;5;24;102;3;166;2;326;820;120;210;470;20;1 780;10;2 610
EnR&R;Biogaz;Par méthanisation et ISDND;2006;30;6;6;0;15;3;19;0;49;150;30;0;100;20;140;0;290
EnR&R;Biogaz;Par méthanisation et ISDND;2007;44;9;9;0;22;4;22;0;66;210;40;0;150;20;160;0;370
EnR&R;Biogaz;Par méthanisation et ISDND;2008;74;15;15;0;37;7;36;0;110;380;70;0;270;40;180;0;560
EnR&R;Biogaz;Par méthanisation et ISDND;2009;116;23;23;0;58;12;52;0;168;640;130;0;430;80;210;0;850
EnR&R;Biogaz;Par méthanisation et ISDND;2010;116;23;23;0;58;12;69;0;185;600;110;0;410;80;320;0;920
EnR&R;Biogaz;Par méthanisation et ISDND;2011;146;29;29;0;73;15;85;0;231;690;120;0;470;100;360;0;1 050
EnR&R;Biogaz;Par méthanisation et ISDND;2012;181;36;36;0;91;18;109;0;290;910;160;0;620;130;410;0;1 320
EnR&R;Biogaz;Par méthanisation et ISDND;2013;214;43;43;0;107;21;137;0;351;1 030;190;0;690;150;450;0;1 480
EnR&R;Biogaz;Par méthanisation et ISDND;2014;263;53;53;0;131;26;161;0;424;1 260;230;0;850;180;520;0;1 780
EnR&R;Biogaz;Par méthanisation et ISDND;2015;217;43;43;0;109;22;206;0;423;1 060;190;0;720;150;580;0;1 640
EnR&R;Biogaz;Par méthanisation et ISDND;2016;179;36;36;0;89;18;268;0;447;850;160;0;570;120;640;0;1 490
EnR&R;Biogaz;Par méthanisation et ISDND;2017;299;60;60;0;149;30;321;0;620;1 360;240;0;910;210;690;0;2 050
EnR&R;Biogaz;Par méthanisation et ISDND;2018;546;109;109;0;273;55;392;0;938;2 440;440;0;1 620;380;780;0;3 220
EnR&R;Biogaz;Par méthanisation et ISDND;2019;836;167;167;0;418;84;483;0;1 319;3 700;680;0;2 450;570;870;0;4 570
EnR&R;Biogaz;Par méthanisation et ISDND;2020;994;199;199;0;497;99;614;0;1 608;4 790;910;0;3 160;720;1 150;0;5 940
EnR&R;Biogaz;Par méthanisation et ISDND;2021;913;183;183;0;456;91;828;0;1 741;4 400;840;0;2 900;660;1 360;0;5 760
EnR&R;Biogaz;Par méthanisation et ISDND;2022;1 085;217;217;0;541;110;1 186;0;2 271;5 230;990;0;3 440;800;1 560;0;6 790
